{"columns":["coordinate","grocery","school","transit"],"index":[0,1,2,3,4,5,6,7,8,9,10,11,12,13,14,15,16,17,18,19,20,21,22,23,24,25,26,27,28,29,30,31,32,33,34,35,36,37,38,39,40,41,42,43,44,45,46,47,48,49,50,51,52,53,54,55,56,57,58,59,60,61,62,63,64,65,66,67,68,69,70,71,72,73,74,75,76,77,78,79,80,81,82,83,84,85,86,87,88,89,90,91,92,93,94,95,96,97,98,99],"data":[[[32.914167,-117.247778],["Teaching + Learning Commons",0.0345546757],["Sequoyah Hall",0.0330409565],["N Torrey Pines Rd & Torrey Pines Scenic Dr",0.027460282]],[[32.9058335,-117.247778],["Teaching + Learning Commons",0.0267027182],["Sequoyah Hall",0.0249538827],["N Torrey Pines Rd & Torrey Pines Scenic Dr",0.0192560447]],[[32.8975,-117.247778],["Teaching + Learning Commons",0.0192597807],["Sequoyah Hall",0.0171050332],["N Torrey Pines Rd & Torrey Pines Scenic Dr",0.0112435701]],[[32.8891665,-117.247778],["Teaching + Learning Commons",0.0129513546],["Sequoyah Hall",0.0100678946],["N Torrey Pines Rd & Torrey Pines Scenic Dr",0.00457547]],[[32.880833,-117.247778],["Silent Tree",0.0099125568],["Applied Physics and Mathematics",0.0066729259],["N Torrey Pines Rd & Almahurst Row",0.003767744]],[[32.8724995,-117.247778],["Silent Tree",0.0122746621],["Applied Physics and Mathematics",0.009160944],["N Torrey Pines Rd & La Jolla Shores Dr",0.0046498698]],[[32.864166,-117.247778],["Silent Tree",0.0184924396],["Huerta Vera Cruz Room",0.0156141528],["N Torrey Pines Rd & La Jolla Shores Dr",0.0112410507]],[[32.8558325,-117.247778],["Silent Tree",0.0259261983],["Huerta Vera Cruz Room",0.0231407671],["N Torrey Pines Rd & La Jolla Shores Dr",0.0192192242]],[[32.847499,-117.247778],["Silent Tree",0.0337825346],["Huerta Vera Cruz Room",0.0310818738],["N Torrey Pines Rd & La Jolla Shores Dr",0.0274096768]],[[32.8391655,-117.247778],["Silent Tree",0.0418239879],["International Students & Programs Office (ISPO)",0.0391416085],["N Torrey Pines Rd & La Jolla Shores Dr",0.0356664637]],[[32.914167,-117.2394445],["Teaching + Learning Commons",0.0330763679],["Sequoyah Hall",0.0323373065],["N Torrey Pines Rd & Torrey Pines Scenic Dr",0.0275010236]],[[32.9058335,-117.2394445],["Teaching + Learning Commons",0.0247599608],["Sequoyah Hall",0.0240144299],["N Torrey Pines Rd & Torrey Pines Scenic Dr",0.0193141002]],[[32.8975,-117.2394445],["Teaching + Learning Commons",0.0164608521],["Sequoyah Hall",0.0157028258],["N Torrey Pines Rd & Torrey Pines Scenic Dr",0.0113427105]],[[32.8891665,-117.2394445],["Teaching + Learning Commons",0.0082315301],["Sequoyah Hall",0.0074403684],["N Torrey Pines Rd & Torrey Pines Scenic Dr",0.0048139524]],[[32.880833,-117.2394445],["Silent Tree",0.0018369496],["SOLIS",0.0003500206],["N Torrey Pines Rd & Muir College Dr",0.0042766285]],[[32.8724995,-117.2394445],["Silent Tree",0.0074687972],["International Students & Programs Office (ISPO)",0.0047956057],["Gilman Dr & Eucalyptus Grove Ln",0.0028506673]],[[32.864166,-117.2394445],["Silent Tree",0.015718967],["International Students & Programs Office (ISPO)",0.0130883524],["Gilman Dr & Eucalyptus Grove Ln",0.0111209014]],[[32.8558325,-117.2394445],["Silent Tree",0.0240267218],["International Students & Programs Office (ISPO)",0.0214127659],["N Torrey Pines Rd & La Jolla Shores Dr",0.0191909108]],[[32.847499,-117.2394445],["Silent Tree",0.0323477239],["International Students & Programs Office (ISPO)",0.029742269],["N Torrey Pines Rd & La Jolla Shores Dr",0.0273898314]],[[32.8391655,-117.2394445],["Silent Tree",0.0406738438],["International Students & Programs Office (ISPO)",0.0380735214],["N Torrey Pines Rd & La Jolla Shores Dr",0.0356512147]],[[32.914167,-117.231111],["Snake Path",0.0335575167],["Loading Dock Qualcomm Institute",0.0323823122],["N Torrey Pines Rd & Torrey Pines Scenic Dr",0.0299573022]],[[32.9058335,-117.231111],["Snake Path",0.0253739982],["Loading Dock Qualcomm Institute",0.0241207857],["N Torrey Pines Rd & Torrey Pines Scenic Dr",0.0226752756]],[[32.8975,-117.231111],["Snake Path",0.0173339864],["Loading Dock Qualcomm Institute",0.015934394],["N Torrey Pines Rd & Torrey Pines Scenic Dr",0.0164253078]],[[32.8891665,-117.231111],["Snake Path",0.0097973888],["Loading Dock Qualcomm Institute",0.008055555],["San Diego (La Jolla - UC San Diego)",0.0095872426]],[[32.880833,-117.231111],["Snake Path",0.0055140743],["The EnVision Arts and Engineering Maker Studio",0.0027556827],["UCSD Central Campus Station",0.0016290651]],[[32.8724995,-117.231111],["Dirty Birds La Jolla",0.0094120786],["University Center 301 (U301)",0.0069927338],["VA Hospital",0.002976754]],[[32.864166,-117.231111],["Price Center Theater",0.0168501413],["University Center 301 (U301)",0.0142674076],["VA Hospital",0.010824158]],[[32.8558325,-117.231111],["Price Center Theater",0.0248148423],["UCtr 202",0.0222403364],["VA Hospital",0.0190881684]],[[32.847499,-117.231111],["Price Center Theater",0.0329624025],["UCtr 202",0.0303798227],["VA Hospital",0.0273901003]],[[32.8391655,-117.231111],["Price Center Theater",0.0411844389],["UCtr 202",0.0386021909],["VA Hospital",0.0356919305]],[[32.914167,-117.2227775],["Snake Path",0.0358800221],["Loading Dock Qualcomm Institute",0.0343385728],["N Torrey Pines Rd & Torrey Pines Scenic Dr",0.0343142544]],[[32.9058335,-117.2227775],["Snake Path",0.02837444],["Loading Dock Qualcomm Institute",0.0266896187],["UCSD Central Campus Station",0.0279453828]],[[32.8975,-117.2227775],["Snake Path",0.0214880465],["Loading Dock Qualcomm Institute",0.0196068447],["UCSD Central Campus Station",0.0202589365]],[[32.8891665,-117.2227775],["Snake Path",0.0160392608],["Loading Dock Qualcomm Institute",0.0139791062],["UCSD Central Campus Station",0.0133715759]],[[32.880833,-117.2227775],["Snake Path",0.0138446406],["The EnVision Arts and Engineering Maker Studio",0.0110134869],["UCSD Central Campus Station",0.0092772852]],[[32.8724995,-117.2227775],["Dirty Birds La Jolla",0.0158579522],["The EnVision Arts and Engineering Maker Studio",0.0133589123],["VA Hospital",0.0104479936]],[[32.864166,-117.2227775],["Dirty Birds La Jolla",0.0211406652],["University Center 301 (U301)",0.0187754556],["VA Hospital",0.0147465895]],[[32.8558325,-117.2227775],["Dirty Birds La Jolla",0.0279513013],["University Center 301 (U301)",0.0254179615],["VA Hospital",0.0215559198]],[[32.847499,-117.2227775],["Dirty Birds La Jolla",0.0354191644],["University Center 301 (U301)",0.0328408625],["VA Hospital",0.0291675831]],[[32.8391655,-117.2227775],["Price Center Theater",0.0431936403],["University Center 301 (U301)",0.0406185448],["VA Hospital",0.0370908691]],[[32.914167,-117.214444],["Snake Path",0.0398439392],["Loading Dock Qualcomm Institute",0.0380598932],["UCSD Central Campus Station",0.0388930249]],[[32.9058335,-117.214444],["Snake Path",0.0332456365],["Loading Dock Qualcomm Institute",0.0313329481],["UCSD Central Campus Station",0.0316741698]],[[32.8975,-117.214444],["Snake Path",0.0276025297],["Loading Dock Qualcomm Institute",0.0255704174],["UCSD Central Campus Station",0.0251541869]],[[32.8891665,-117.214444],["Snake Path",0.0236097732],["The EnVision Arts and Engineering Maker Studio",0.02134538],["UCSD Central Campus Station",0.0200276722]],[[32.880833,-117.214444],["Snake Path",0.0221774114],["The EnVision Arts and Engineering Maker Studio",0.0193363504],["UCSD Central Campus Station",0.0175606559]],[[32.8724995,-117.214444],["Dirty Birds La Jolla",0.0235214055],["The EnVision Arts and Engineering Maker Studio",0.0207619385],["UCSD Central Campus Station",0.0183563032]],[[32.864166,-117.214444],["Dirty Birds La Jolla",0.0273625582],["The EnVision Arts and Engineering Maker Studio",0.0250422878],["VA Hospital",0.0213695076]],[[32.8558325,-117.214444],["Dirty Birds La Jolla",0.0329098331],["University Center 301 (U301)",0.0305602033],["VA Hospital",0.0265302022]],[[32.847499,-117.214444],["Dirty Birds La Jolla",0.0394499566],["University Center 301 (U301)",0.0369645169],["VA Hospital",0.0330142674]],[[32.8391655,-117.214444],["Dirty Birds La Jolla",0.0465664631],["University 